WatchedDate,Year,Title
2021-11-06,2018,Aravindha Sametha Veera Raghava
2021-11-06,2021,Sooryavanshi
2021-11-06,2021,Eternals
2021-10-30,2021,Sardar Udham
2021-10-28,2013,Madras Cafe
2021-10-27,2008,WALL·E
2021-10-26,2001,Spirited Away
2021-10-26,2016,Your Name.
2021-10-26,1993,Schindler's List
2021-10-26,1957,12 Angry Men
2021-10-26,2020,Demon Slayer -Kimetsu no Yaiba- The Movie: Mugen Train
2021-10-26,2021,Those Who Wish Me Dead
2021-10-25,2021,A Quiet Place Part II
2021-10-25,2018,A Quiet Place
2021-10-25,2021,The Tomorrow War
2021-10-24,2010,Megamind
2021-10-24,2021,Reminiscence
2021-10-23,2021,F9
2021-10-23,2021,Free Guy
2021-10-23,2021,Dune
2021-10-22,2021,Dune
2021-10-22,1984,Dune
2021-10-22,2021,Sanak
2021-10-13,2021,Venom: Let There Be Carnage
2021-10-13,2021,Injustice
2021-10-05,2021,No Time to Die
2021-09-08,2021,Shang-Chi and the Legend of the Ten Rings
2021-08-21,2021,Wrath of Man
2021-08-15,2021,Shershaah
2021-08-14,2021,Mimi
2021-08-14,2010,Troll Hunter
2021-08-14,2010,Troll Hunter
2021-08-06,2021,The Suicide Squad
2021-07-29,2003,Daredevil
2021-07-29,2021,The Boss Baby: Family Business
2021-07-29,2010,Ip Man 2
2021-07-29,2008,The Mummy: Tomb of the Dragon Emperor
2021-07-29,2015,Frozen Fever
2021-07-29,2019,Godzilla: King of the Monsters
2021-07-28,1978,Piranha
2021-07-28,2008,Resident Evil: Degeneration
2021-07-28,2021,Hitman's Wife's Bodyguard
2021-07-28,2009,The City of Your Final Destination
2021-07-28,2019,Final Destination
2021-07-28,2003,Final Destination 2
2021-07-28,2006,Final Destination 3
2021-07-28,2014,Hercules
2021-07-28,2008,Wanted
2021-07-22,2021,Haseen Dillruba
2021-07-19,2017,The Lego Batman Movie
2021-07-09,2020,Borat Subsequent Moviefilm
2021-07-09,2021,Black Widow
2021-06-30,1999,Fight Club
2021-06-30,2021,Nobody
2021-06-28,2009,Up
2021-06-22,2021,Jagame Thandhiram
2021-06-13,2009,District 9
2021-06-08,2018,102 Not Out
2021-05-29,2016,The Handmaiden
2021-05-29,2009,The Final Destination
2021-05-29,2007,Hitman
2021-05-29,2006,Night at the Museum
2021-05-29,2004,Spider-Man 2
2021-05-29,1997,The Lost World: Jurassic Park
2021-05-29,2015,Hotel Transylvania 2
2021-05-29,2021,Army of the Dead
2021-05-26,2014,The Lego Movie
2021-05-18,1978,Superman
2021-05-18,2001,Lara Croft: Tomb Raider
2021-05-18,2003,Hulk
2021-05-18,2008,Hellboy II: The Golden Army
2021-05-18,2013,Escape Plan
2021-05-18,2005,Fantastic Four
2021-05-18,2006,X-Men: The Last Stand
2021-05-17,1987,RoboCop
2021-05-17,2015,Ted 2
2021-05-17,2009,Fast & Furious
2021-05-17,2011,Transformers: Dark of the Moon
2021-05-08,2006,The Fast and the Furious: Tokyo Drift
2021-05-08,2020,The Invisible Man
2021-05-08,2002,Resident Evil
2021-05-08,2014,RoboCop
2021-05-08,2018,Bumblebee
2021-05-08,2008,Slumdog Millionaire
2021-05-08,2013,Elysium
2021-05-08,2012,The Hobbit: An Unexpected Journey
2021-05-07,2006,Crank
2021-05-07,2014,Exodus: Gods and Kings
2021-05-07,2021,Zack Snyder's Justice League
2021-05-07,2007,Resident Evil: Extinction
2021-05-07,2004,Resident Evil: Apocalypse
2021-05-07,2002,Men in Black II
2021-05-07,2000,X-Men
2021-05-07,2012,Ice Age: Continental Drift
2021-05-07,2011,Rise of the Planet of the Apes
2021-05-07,2021,Godzilla vs. Kong
2021-04-25,2021,Drishyam 2
2021-03-22,2020,Soul
2021-03-08,2020,365 Days
2021-02-10,2021,The White Tiger
2021-02-04,2021,Master
2021-01-19,2014,The Legend of Hercules
2021-01-19,2016,The Legend of Tarzan
2021-01-19,2008,Neninthe
2021-01-19,2010,Don Seenu
2021-01-19,2012,Sarocharu
2021-01-19,2009,Kick
2021-01-19,2014,Power
2021-01-19,2012,Devudu Chesina Manushulu
2021-01-19,2009,Anjaneyulu
2021-01-19,2017,Raja the Great
2021-01-19,2011,Mirapakay
2021-01-19,2005,Bhadra
2021-01-19,2010,Shambo Shiva Shambo
2021-01-19,2011,Veera
2021-01-19,2006,Dhoom 2
2021-01-19,2013,Dhoom 3
2021-01-19,2004,Dhoom
2021-01-19,2020,Angrezi Medium
2021-01-19,2014,Gunday
2021-01-19,2016,Befikre
2021-01-19,2013,Goliyon Ki Raasleela Ram-Leela
2021-01-19,2013,Lootera
2021-01-19,2019,Gully Boy: Live In Concert
2021-01-19,2010,Band Baaja Baaraat
2021-01-19,2020,Dil Bechara
2021-01-19,2020,Jawaani Jaaneman
2021-01-19,2020,Street Dancer 3D
2021-01-19,2012,The Cabin in the Woods
2021-01-19,,Tumbaad
2021-01-19,2003,Terminator 3: Rise of the Machines
2021-01-19,2009,Terminator Salvation
2021-01-19,1984,The Terminator
2021-01-19,2020,Tanhaji: The Unsung Warrior
2021-01-19,2019,Pagalpanti
2021-01-19,2003,Charlie: The Life and Art of Charles Chaplin
2021-01-19,2008,Tropic Thunder: Rain of Madness
2021-01-19,2008,I Am Iron Man
2021-01-19,2010,Sherlock Holmes: Reinvented
2021-01-19,2005,Kiss Kiss Bang Bang
2021-01-19,2017,Munna Michael
2021-01-19,2013,The Lunchbox
2021-01-19,2015,Manjhi: The Mountain Man
2021-01-19,2017,Raees
2021-01-19,2017,Babumoshai Bandookbaaz
2021-01-19,2017,Jagga Jasoos
2021-01-19,2015,Haraamkhor
2021-01-19,2015,Badlapur
2021-01-19,2003,Munna Bhai M.B.B.S.
2021-01-19,2009,New York
2021-01-19,2012,Paan Singh Tomar
2021-01-19,2017,Mom
2021-01-19,2012,Kahaani
2021-01-19,2018,Race 3
2021-01-19,2015,Bajrangi Bhaijaan
2021-01-19,2009,Wanted
2021-01-19,2008,God Tussi Great Ho
2021-01-19,2017,Tubelight
2021-01-19,2016,Freaky Ali
2021-01-19,2019,Dabangg 3
2021-01-19,2007,Partner
2021-01-19,2016,Baaghi
2021-01-19,2010,Brindaavanam
2021-01-19,2007,Yamadonga
2021-01-19,2012,Dammu
2021-01-19,2005,Bunny
2021-01-19,2004,Aarya
2021-01-19,2008,Ghajini
2021-01-19,2011,Badrinath
2021-01-19,2017,DJ: Duvvada Jagannadham
2021-01-19,2015,Son of Satyamurthy
2021-01-19,2014,Race Gurram
2021-01-19,2003,Gangotri
2021-01-19,2009,Aarya 2
2021-01-19,2009,Love Aaj Kal
2021-01-19,2007,Om Shanti Om
2021-01-19,2012,Cocktail
2021-01-19,2017,Raabta
2021-01-19,2018,Padmaavat
2021-01-19,2013,Yeh Jawaani Hai Deewani
2021-01-19,2013,Chennai Express
2021-01-19,2017,xXx: Return of Xander Cage
2021-01-19,2015,Bajirao Mastani
2021-01-19,2015,Tamasha
2021-01-19,2015,Piku
2021-01-19,2013,Race 2
2021-01-19,2001,Kabhi Khushi Kabhie Gham
2021-01-19,2011,Bodyguard
2021-01-19,2015,Gabbar Is Back
2021-01-19,2001,Aśoka
2021-01-19,2006,Chup Chup Ke
2021-01-19,2013,Satyagraha
2021-01-19,2014,Happy Ending
2021-01-19,2009,Kambakkht Ishq
2021-01-19,2010,Golmaal 3
2021-01-19,2007,Jab We Met
2021-01-19,2006,Don
2021-01-19,2016,Udta Punjab
2021-01-19,2015,Brothers
2021-01-19,2016,Ki & Ka
2021-01-19,2014,Singham Returns
2021-01-19,2012,Agent Vinod
2021-01-19,2004,Aitraaz
2021-01-19,2013,Boss
2021-01-19,2012,OMG: Oh My God!
2021-01-19,2000,Dhadkan
2021-01-19,2002,Awara Paagal Deewana
2021-01-19,1999,Aarzoo
2021-01-19,2010,Action Replayy
2021-01-19,2014,Holiday
2021-01-19,2007,Namastey London
2021-01-19,2004,Aan: Men at Work
2021-01-19,2007,Bhool Bhulaiyaa
2021-01-19,2014,The Shaukeens
2021-01-19,2002,Haan Maine Bhi Pyaar Kiya
2021-01-19,2011,The Mechanic
2021-01-19,2019,Section 375
2021-01-19,2011,The Hangover Part II
2021-01-19,1995,Toy Story
2021-01-19,2019,Article 15
2021-01-19,2019,Made In China
2021-01-19,2018,Hate Story IV
2021-01-19,2015,Hate Story 3
2021-01-19,2014,Hate Story 2
2021-01-19,2012,Hate Story
2021-01-19,2011,Murder 2
2021-01-19,2010,Housefull
2021-01-19,2012,Housefull 2
2021-01-19,2016,Housefull 3
2021-01-19,2019,Housefull 4
2021-01-19,2019,Pati Patni Aur Woh
2021-01-14,2016,13 Hours: The Secret Soldiers of Benghazi
2021-01-12,2017,Olaf's Frozen Adventure
2021-01-12,2005,American Pie Presents: Band Camp
2021-01-12,2009,The Princess and the Frog
2021-01-09,2001,American Pie 2
2021-01-09,2000,Final Destination
2021-01-09,2013,Olympus Has Fallen
2021-01-09,2019,Men in Black: International
2021-01-09,2019,Dark Phoenix
2021-01-09,2019,Hellboy
2021-01-09,2019,6 Underground
2021-01-09,2010,Salt
2021-01-09,2009,Transformers: Revenge of the Fallen
2021-01-09,2009,X-Men Origins: Wolverine
2021-01-07,2015,Ip Man 3
2021-01-07,2012,"Batman: The Dark Knight Returns, Part 1"
2021-01-07,2012,"Batman: The Dark Knight Returns, Part 1"
2021-01-07,2011,Final Destination 5
2021-01-07,2012,Wrath of the Titans
2021-01-07,2002,Blade II
2021-01-07,2009,The Twilight Saga: New Moon
2021-01-07,2013,Riddick
2021-01-07,2006,Mission: Impossible III
2021-01-07,2011,Kung Fu Panda 2
2021-01-05,2017,First They Killed My Father
2021-01-05,2009,The Unbroken
2021-01-05,2011,Battle: Los Angeles
2021-01-04,1983,Superman III
2021-01-04,2019,Brightburn
2021-01-04,1984,The Karate Kid
2021-01-04,1990,The Godfather: Part III
2021-01-04,2019,Rambo: Last Blood
2021-01-04,2004,The Chronicles of Riddick
2021-01-04,2012,Life of Pi
2021-01-04,2012,Abraham Lincoln: Vampire Hunter
2021-01-04,2018,Robin Hood
2021-01-04,2012,John Carter
2021-01-04,1986,Top Gun
2021-01-04,2004,Hellboy
2021-01-04,2011,The Girl with the Dragon Tattoo
2021-01-04,2004,The Bourne Supremacy
2021-01-04,1999,American Beauty
2021-01-03,2005,Constantine
2021-01-03,2007,Spider-Man 3
2021-01-03,2020,Attack on Titan: Chronicle
2021-01-03,2003,Lara Croft: Tomb Raider - The Cradle of Life
2021-01-03,2004,The Girl Next Door
2021-01-03,2020,Underwater
2021-01-03,2010,Robin Hood
2021-01-03,2020,The Old Guard
2021-01-03,2010,The Town
2021-01-03,2015,Goosebumps
2021-01-03,2010,Insidious
2021-01-03,2005,The 40 Year Old Virgin
2021-01-03,2015,Hitman: Agent 47
2021-01-03,2015,Home
2021-01-03,2018,Skyscraper
2021-01-03,2003,Bruce Almighty
2021-01-03,2017,Baywatch
2021-01-03,2020,Enola Holmes
2021-01-03,2009,Night at the Museum: Battle of the Smithsonian
2021-01-03,2013,Percy Jackson: Sea of Monsters
2021-01-03,2019,Angel Has Fallen
2021-01-03,2008,Madagascar: Escape 2 Africa
2021-01-03,2005,King Kong
2021-01-03,2010,Percy Jackson & the Olympians: The Lightning Thief
2021-01-03,2014,Taken 3
2021-01-03,2012,The Dictator
2021-01-03,2007,Shrek the Third
2021-01-03,2012,The Bourne Legacy
2021-01-03,1998,Blade
2021-01-03,2008,Quantum of Solace
2021-01-03,2007,Zodiac
2021-01-03,2008,Taken
2021-01-03,2006,Casino Royale
2021-01-03,2015,Mission: Impossible - Rogue Nation
2021-01-03,2016,The Great Wall
2021-01-03,2009,Watchmen
2021-01-03,2013,Gravity
2020-12-30,2008,Ip Man
2020-12-30,2007,Superman: Doomsday
2020-12-30,2016,Batman: Bad Blood
2020-12-30,2010,Batman: Under the Red Hood
2020-12-30,1989,Batman
2020-12-30,2012,The Twilight Saga: Breaking Dawn - Part 2
2020-12-30,2013,Thor: The Dark World
2020-12-30,2004,The Aviator
2020-12-30,2018,Fifty Shades Freed
2020-12-30,2010,The Twilight Saga: Eclipse
2020-12-30,2004,The Notebook
2020-12-30,2008,Twilight
2020-12-30,2015,Fifty Shades of Grey
2020-12-30,2012,Contraband
2020-12-30,2004,Kill Bill: Vol. 2
2020-12-30,2010,Kick-Ass
2020-12-30,2003,Kill Bill: Vol. 1
2020-12-30,2009,The Hangover
2020-12-30,2010,Gulliver's Travels
2020-12-30,2019,Zombieland: Double Tap
2020-12-30,2013,The Hangover Part III
2020-12-30,2012,Ted
2020-12-30,2009,Zombieland
2020-12-30,2017,The Hitman's Bodyguard
2020-12-30,1997,Men in Black
2020-12-30,2013,The Croods
2020-12-30,2012,Hotel Transylvania
2020-12-30,2010,Tangled
2020-12-30,2010,Toy Story 3
2020-12-30,2017,The Mummy
2020-12-30,1984,Supergirl
2020-12-30,2006,Ultimate Avengers: The Movie
2020-12-30,2019,The Angry Birds Movie 2
2020-12-30,2008,"10,000 BC"
2020-12-30,2006,Superman Returns
2020-12-30,2012,Madagascar 3: Europe's Most Wanted
2020-12-30,1997,Hercules
2020-12-30,2006,Ice Age: The Meltdown
2020-12-30,1996,Mission: Impossible
2020-12-30,2003,The Matrix Revolutions
2020-12-30,2016,The Angry Birds Movie
2020-12-30,1992,Aladdin
2020-12-30,2016,Sarrainodu
2020-12-30,2017,Kung Fu Yoga
2020-12-30,2013,Superman: Unbound
2020-12-30,2012,Resident Evil: Retribution
2020-12-30,1992,Batman Returns
2020-12-30,2014,The Expendables 3
2020-12-30,2020,Birds of Prey (and the Fantabulous Emancipation of One Harley Quinn)
2020-12-30,1991,Terminator 2: Judgment Day
2020-12-30,2014,Godzilla
2020-12-30,2014,X-Men: Days of Future Past
2020-12-30,2017,Kong: Skull Island
2020-12-30,1998,The Lion King II: Simba's Pride
2020-12-30,2010,Resident Evil: Afterlife
2020-12-30,2018,Hotel Transylvania 3: Summer Vacation
2020-12-30,2015,Cinderella
2020-12-30,2019,Aladdin
2020-12-30,1996,Independence Day
2020-12-30,2014,The Amazing Spider-Man 2
2020-12-29,2006,The Departed
2020-12-29,2015,San Andreas
2020-12-29,2012,Gangs of Wasseypur - Part 2
2020-12-29,2012,Gangs of Wasseypur - Part 1
2020-12-29,2009,3 Idiots
2020-12-29,2020,Sonic the Hedgehog
2020-12-29,2016,Ice Age: Collision Course
2020-12-29,1990,Back to the Future Part III
2020-12-29,1991,Beauty and the Beast
2020-12-29,2016,The Jungle Book
2020-12-29,2018,Annihilation
2020-12-29,2015,Terminator Genisys
2020-12-29,2016,Central Intelligence
2020-12-29,2019,Shazam!
2020-12-29,2016,London Has Fallen
2020-12-29,2019,Parasite
2020-12-29,2019,John Wick: Chapter 3 - Parabellum
2020-12-29,2013,The Wolverine
2020-12-29,2009,Sherlock Holmes
2020-12-29,2010,Shutter Island
2020-12-29,2015,Ex Machina
2020-12-29,2020,Dolittle
2020-12-29,2005,Charlie and the Chocolate Factory
2020-12-29,2017,Fifty Shades Darker
2020-12-29,2003,X2
2020-12-29,2001,The Mummy Returns
2020-12-29,2011,Fast Five
2020-12-29,2001,The Fast and the Furious
2020-12-29,2003,2 Fast 2 Furious
2020-12-29,2013,Fast & Furious 6
2020-12-29,2006,Transformers: Beginnings
2020-12-29,2007,Transformers
2020-12-29,2015,The Transporter Refueled
2020-12-29,2008,Transporter 3
2020-12-29,2002,The Transporter
2020-12-29,2005,Transporter 2
2020-12-29,2019,The Secret Life of Pets 2
2020-12-29,2001,Jurassic Park III
2020-12-29,2019,Jumanji: The Next Level
2020-12-29,2017,Gifted
2020-12-29,1999,The Mummy
2020-12-29,1989,The Little Mermaid
2020-12-29,2011,Cars 2
2020-12-29,2013,The Great Gatsby
2020-12-29,2018,Rampage
2020-12-29,2016,Resident Evil: The Final Chapter
2020-12-29,2005,Madagascar
2020-12-29,2017,Murder on the Orient Express
2020-12-29,2004,Shrek 2
2020-12-29,2007,The Bourne Ultimatum
2020-12-29,2007,Ratatouille
2020-12-29,2014,The Maze Runner
2020-12-29,2016,Passengers
2020-12-29,2009,Ice Age: Dawn of the Dinosaurs
2020-12-29,1995,Bad Boys
2020-12-29,2019,Frozen II
2020-12-29,2000,Mission: Impossible II
2020-12-29,1997,Alien Resurrection
2020-12-29,2019,El Camino: A Breaking Bad Movie
2020-12-29,2019,Terminator: Dark Fate
2020-12-29,2005,"The Chronicles of Narnia: The Lion, the Witch and the Wardrobe"
2020-12-29,1995,Jumanji
2020-12-29,2009,2012
2020-12-29,2011,Mission: Impossible - Ghost Protocol
2020-12-29,2002,Minority Report
2020-12-29,2016,Mechanic: Resurrection
2020-12-29,2017,The Greatest Showman
2020-12-29,2012,Men in Black 3
2020-12-29,2012,Jack Reacher
2020-12-29,2014,Transformers: Age of Extinction
2020-12-29,2011,Sherlock Holmes: A Game of Shadows
2020-12-29,2010,Black Swan
2020-12-29,2008,Kung Fu Panda
2020-12-29,2018,Fantastic Beasts: The Crimes of Grindelwald
2020-12-29,2019,Alita: Battle Angel
2020-12-29,1986,Aliens
2020-12-29,2011,Pirates of the Caribbean: On Stranger Tides
2020-12-29,2002,Ice Age
2020-12-29,2015,Furious 7
2020-12-29,2017,Pirates of the Caribbean: Dead Men Tell No Tales
2020-12-29,2014,Divergent
2020-12-29,2011,X-Men: First Class
2020-12-29,2016,Warcraft
2020-12-29,2016,Inferno
2020-12-29,2007,Pirates of the Caribbean: At World's End
2020-12-29,2015,Maze Runner: The Scorch Trials
2020-12-29,2018,Mission: Impossible - Fallout
2020-12-29,2004,"I, Robot"
2020-12-29,2017,Valerian and the City of a Thousand Planets
2020-12-29,2008,The Incredible Hulk
2020-12-29,2018,Tomb Raider
2020-12-29,2017,Transformers: The Last Knight
2020-12-29,2002,Spider-Man
2020-12-29,2018,Incredibles 2
2020-12-29,2017,King Arthur: Legend of the Sword
2020-12-29,2013,Oblivion
2020-12-29,2016,Finding Dory
2020-12-29,2012,Prometheus
2020-12-29,2017,Alien: Covenant
2020-12-29,2012,The Amazing Spider-Man
2020-12-29,2014,Lucy
2020-12-29,2010,Despicable Me
2020-12-29,1994,The Lion King
2020-12-29,2008,The Dark Knight
2020-12-27,1974,The Godfather: Part II
2020-12-27,2016,Kung Fu Panda 3
2020-12-27,2018,Maze Runner: The Death Cure
2020-12-27,2019,Fast & Furious Presents: Hobbs & Shaw
2020-12-27,2019,The Lion King
2020-12-27,2019,Toy Story 4
2020-12-27,2014,Dawn of the Planet of the Apes
2020-12-27,2002,The Bourne Identity
2020-12-27,2006,Pirates of the Caribbean: Dead Man's Chest
2020-12-27,2003,The Matrix Reloaded
2020-12-27,2015,Spectre
2020-12-27,2019,Spider-Man: Far From Home
2020-12-27,2012,Skyfall
2020-12-27,2014,The Hobbit: The Battle of the Five Armies
2020-12-27,2018,Spider-Man: Into the Spider-Verse
2020-12-27,1979,Alien
2020-12-27,1972,The Godfather
2020-12-27,1982,Blade Runner
2020-12-27,1999,Toy Story 2
2020-12-27,2014,Edge of Tomorrow
2020-12-27,2017,Baby Driver
2020-12-27,2016,X-Men: Apocalypse
2020-12-27,1995,Toy Story
2020-12-27,2013,Despicable Me 2
2020-12-27,2016,Jason Bourne
2020-12-27,2017,Kingsman: The Golden Circle
2020-12-27,2018,Ant-Man and the Wasp
2020-12-27,2016,Jack Reacher: Never Go Back
2020-12-27,2015,Minions
2020-12-27,2018,Aquaman
2020-12-27,2017,The Fate of the Furious
2020-12-27,2019,Captain Marvel
2020-12-27,1993,Jurassic Park
2020-12-27,2000,Gladiator
2020-12-27,2016,Now You See Me 2
2020-12-27,1995,Se7en
2020-12-27,2017,The Boss Baby
2020-12-27,2013,Man of Steel
2020-12-27,2003,Pirates of the Caribbean: The Curse of the Black Pearl
2020-12-27,2013,Now You See Me
2020-12-27,2004,The Incredibles
2020-12-27,1985,Back to the Future
2020-12-27,2011,Thor
2020-12-27,2014,Kingsman: The Secret Service
2020-12-27,2013,Iron Man 3
2020-12-27,2011,Captain America: The First Avenger
2020-12-27,2016,The Secret Life of Pets
2020-12-27,2005,Batman Begins
2020-12-27,2018,Black Panther
2020-12-27,2014,Captain America: The Winter Soldier
2020-12-27,2014,John Wick
2020-12-27,2017,John Wick: Chapter 2
2020-12-27,2008,Iron Man
2020-12-27,2016,Arrival
2020-12-27,2016,Captain America: Civil War
2020-12-27,2014,Guardians of the Galaxy
2020-12-27,2016,Suicide Squad
2020-12-27,2013,The Lone Ranger
2020-12-27,2012,Django Unchained
2020-12-27,2002,The Pianist
2020-12-27,1985,Rambo: First Blood Part II
2020-12-27,2014,Unbroken
2020-12-27,2015,Eye in the Sky
2020-12-27,2001,Pearl Harbor
2020-12-27,2001,Black Hawk Down
2020-12-27,2013,Lone Survivor
2020-12-27,2008,Tropic Thunder
2020-12-27,2003,The Last Samurai
2020-12-27,2014,Dracula Untold
2020-12-27,2004,Troy
2020-12-27,1998,Saving Private Ryan
2020-12-27,2017,War for the Planet of the Apes
2020-12-27,2007,300
2020-12-27,2017,Logan
2020-12-26,2017,Despicable Me 3
2020-12-26,2018,Jurassic World: Fallen Kingdom
2020-12-26,2006,Cars
2020-12-26,1997,Titanic
2020-12-26,2001,Shrek
2020-12-26,2018,Venom
2020-12-26,1990,Home Alone
2020-12-26,2017,Coco
2020-12-26,2006,The Prestige
2020-12-26,2005,Star Wars: Episode III - Revenge of the Sith
2020-12-26,2013,World War Z
2020-12-26,1999,Star Wars: Episode I - The Phantom Menace
2020-12-26,2010,Harry Potter and the Deathly Hallows: Part 1
2020-12-26,2018,Ready Player One
2020-12-26,2017,Justice League
2020-12-26,2017,Star Wars: The Last Jedi
2020-12-26,1983,Return of the Jedi
2020-12-26,2017,Jumanji: Welcome to the Jungle
2020-12-26,2019,Joker
2020-12-26,2005,Harry Potter and the Goblet of Fire
2020-12-26,2017,Beauty and the Beast
2020-12-26,2018,Deadpool 2
2020-12-26,2019,Avengers: Endgame
2020-12-26,1994,The Shawshank Redemption
2020-12-26,2002,The Lord of the Rings: The Two Towers
2020-12-26,1977,Star Wars
2020-12-26,2010,Iron Man 2
2020-12-26,2003,Finding Nemo
2020-12-26,2007,Harry Potter and the Order of the Phoenix
2020-12-26,2009,Harry Potter and the Half-Blood Prince
2020-12-26,2011,Harry Potter and the Deathly Hallows: Part 2
2020-12-26,2005,Harry Potter and the Goblet of Fire
2020-12-26,2004,Harry Potter and the Prisoner of Azkaban
2020-12-26,2002,Harry Potter and the Chamber of Secrets
2020-12-26,2001,Harry Potter and the Philosopher's Stone
2020-12-26,2015,Jurassic World
2020-12-26,2013,Frozen
2020-12-26,2003,The Lord of the Rings: The Return of the King
2020-12-26,2015,Ant-Man
2020-12-26,2015,Avengers: Age of Ultron
2020-12-26,2012,The Dark Knight Rises
2020-12-26,2017,Thor: Ragnarok
2020-12-26,2018,Avengers: Infinity War
2020-12-26,2016,Zootopia
2020-12-26,2015,Mad Max: Fury Road
2020-12-26,2013,The Wolf of Wall Street
2020-12-26,2016,Batman v Superman: Dawn of Justice
2020-12-26,2001,The Lord of the Rings: The Fellowship of the Ring
2020-12-26,2016,Fantastic Beasts and Where to Find Them
2020-12-26,2017,Spider-Man: Homecoming
2020-12-26,2015,The Martian
2020-12-26,2016,Moana
2020-12-26,2017,Guardians of the Galaxy Vol. 2
2020-12-26,2009,Avatar
2020-12-26,1999,The Matrix
2020-12-26,2017,Wonder Woman
2020-12-26,2014,Interstellar
2020-12-26,2012,The Avengers
2020-12-26,2010,Inception
2020-12-26,2016,Doctor Strange
2020-12-26,2016,Deadpool
2020-12-26,2020,Wonder Woman 1984
